Method,AUC-ROC,AUPR,Top-10 Prec,Top-50 Prec,Top-100 Prec,Top-200 Prec
Random Forest,0.9971040320784139,0.9977140437701679,1.0,1.0,1.0,0.67
Resource Allocation,0.9291880151481398,0.9375479534100419,1.0,1.0,0.94,0.65
Adamic-Adar,0.9205558030741813,0.9282623113428263,1.0,1.0,0.92,0.655
Common Neighbors,0.9110603697928269,0.9101273792273757,1.0,1.0,0.89,0.66
Local Path,0.9084428603252395,0.9199846451110539,1.0,1.0,0.9,0.65
L3 Index,0.9033749164624639,0.9204637550742175,1.0,1.0,0.91,0.635
Jaccard Coefficient,0.88332590777456,0.8737282685915839,1.0,0.96,0.84,0.655
Preferential Attachment,0.8777845845399866,0.8995517759653596,1.0,1.0,0.88,0.63
