Method,AUC-ROC,AUPR,Top-10 Prec,Top-50 Prec
Random Forest,0.9963151927437642,0.9961904761904763,1.0,0.84
L3 Index,0.8713151927437641,0.8615559828017667,0.9,0.74
Local Path,0.8608276643990929,0.863305478004004,1.0,0.72
Resource Allocation,0.8596938775510206,0.8629162372021363,1.0,0.74
Adamic-Adar,0.8596938775510206,0.8620613203339796,1.0,0.74
Common Neighbors,0.8458049886621316,0.8274236448965552,1.0,0.74
Preferential Attachment,0.8273809523809524,0.8434922230818733,1.0,0.7
Jaccard Coefficient,0.7862811791383221,0.7528725982134956,0.9,0.74
